{
  "best_model": "Logistic Regression (Char n-gram)",
  "cv_results": {
    "Naive Bayes": {
      "f1_mean": 0.8955,
      "f1_std": 0.0153,
      "acc_mean": 0.8963,
      "acc_std": 0.0154,
      "f1_scores": [
        0.9166088630538882,
        0.8899167564649492,
        0.9004776779913253,
        0.870185391083068,
        0.9003241147901646
      ],
      "acc_scores": [
        0.9164265129682997,
        0.8904899135446686,
        0.9020172910662824,
        0.8703170028818443,
        0.9020172910662824
      ],
      "time_s": 20.2
    },
    "Logistic Regression": {
      "f1_mean": 0.9158,
      "f1_std": 0.0105,
      "acc_mean": 0.9159,
      "acc_std": 0.0105,
      "f1_scores": [
        0.9224650763167919,
        0.9222603960691214,
        0.9128454130221043,
        0.8964862704639369,
        0.9248098074506899
      ],
      "acc_scores": [
        0.9221902017291066,
        0.9221902017291066,
        0.9135446685878963,
        0.8962536023054755,
        0.9250720461095101
      ],
      "time_s": 13.9
    },
    "Linear SVM": {
      "f1_mean": 0.9332,
      "f1_std": 0.0074,
      "acc_mean": 0.9331,
      "acc_std": 0.0076,
      "f1_scores": [
        0.937167333625174,
        0.939382572173539,
        0.9390543880979869,
        0.9198071724942014,
        0.9306664648538893
      ],
      "acc_scores": [
        0.9365994236311239,
        0.9394812680115274,
        0.9394812680115274,
        0.9193083573487032,
        0.930835734870317
      ],
      "time_s": 0.5
    },
    "Logistic Regression (Char n-gram)": {
      "f1_mean": 0.9446,
      "f1_std": 0.0106,
      "acc_mean": 0.9447,
      "acc_std": 0.0105,
      "f1_scores": [
        0.9395011198013166,
        0.9596532831272043,
        0.9389206975895914,
        0.9307550572994958,
        0.9540142058840687
      ],
      "acc_scores": [
        0.9394812680115274,
        0.9596541786743515,
        0.9394812680115274,
        0.930835734870317,
        0.9538904899135446
      ],
      "time_s": 3.9
    },
    "MLP Neural Network": {
      "f1_mean": 0.9052,
      "f1_std": 0.0068,
      "acc_mean": 0.9055,
      "acc_std": 0.0072,
      "f1_scores": [
        0.893216089297839,
        0.9102330373784261,
        0.9076873367392085,
        0.9026332169799217,
        0.9122035981541715
      ],
      "acc_scores": [
        0.8933717579250721,
        0.9106628242074928,
        0.9077809798270894,
        0.9020172910662824,
        0.9135446685878963
      ],
      "time_s": 82.8
    }
  },
  "intent_labels": {
    "0": "Card Fee Charge",
    "1": "Fraud / Disputed Payment",
    "2": "Deposit Delay",
    "3": "ATM Partial Withdrawal",
    "4": "Cash Withdrawal Charge",
    "5": "Duplicate Transaction",
    "6": "Declined Withdrawal",
    "7": "Transfer Fee",
    "8": "Transfer Delay",
    "9": "Missing Money"
  }
}